,Lp,code,url,title,rooms,price,price_m2,area,district
0,1,44lPr,https://www.otodom.pl/oferta/mieszkanie-38-1m-2-komorka-lokatorska-7-9m2-wilno-ID44lPr.html#c89760baae,"Mieszkanie 38,1m 2 +komórka lokatorska 7,9m2 WILNO",2,420000.0,11024.0,38.1,TARGÓWEK
1,2,41amC,https://www.otodom.pl/oferta/port-67-ID41amC.html#c89760baae,Port 67,3,,,66.93,PRAGA-PÓŁNOC
2,3,42baq,https://www.otodom.pl/oferta/niepowtarzalny-apartament-na-wilanowie-z-ogrodem-ID42baq.html#c89760baae,"Niepowtarzalny Apartament na Wilanowie, z ogrodem!",4,1385000.0,13850.0,100.0,WILANÓW
3,4,44rv3,https://www.otodom.pl/oferta/3-pokoje-blisko-do-centrum-okazja-ID44rv3.html#65ef490b31,3 pokoje blisko do centrum Okazja,3,549000.0,10558.0,52.0,ŚRÓDMIEŚCIE
4,5,44rv2,https://www.otodom.pl/oferta/4-5-pokoi-dla-rodziny-dskonala-lokalizacja-b-cent-ID44rv2.html#65ef490b31,4-5 pokoi dla Rodziny dskonała lokalizacja -b.Cent,4,979000.0,9790.0,100.0,ŚRÓDMIEŚCIE
5,6,44rv0,https://www.otodom.pl/oferta/nowy-apartament-w-centrum-z-tarasem-ID44rv0.html#65ef490b31,Nowy Apartament w Centrum z Tarasem,5,1135000.0,12611.0,90.0,ŚRÓDMIEŚCIE
6,7,44rwZ,https://www.otodom.pl/oferta/apartament-w-budynku-premium-xx-pietro-z-widokiem-ID44rwZ.html#65ef490b31,Apartament w budynku Premium XX piętro z Widokiem,4,980000.0,10208.0,96.0,WOLA
7,8,44rwX,https://www.otodom.pl/oferta/nowa-kawalerka-najlepsza-oferta-na-woli-okazja-ID44rwX.html#65ef490b31,Nowa kawalerka Najlepsza Oferta na Woli Okazja !,1,326000.0,11051.0,29.5,WOLA
8,9,44rwW,https://www.otodom.pl/oferta/mini-apartament-blisko-centrum-na-iwestycje-ID44rwW.html#65ef490b31,Mini Apartament blisko centrum na iwestycje !,1,199000.0,11706.0,17.0,WOLA
9,10,44rwU,https://www.otodom.pl/oferta/funkcjonalny-rozklad-3-pokoje-10-600-zl-m2-ID44rwU.html#65ef490b31,Funkcjonalny Rozkład 3 pokoje= 10 600 zł/m2,3,650000.0,10484.0,62.0,WOLA
10,11,44rwT,https://www.otodom.pl/oferta/oferta-idealna-dla-inwestorow-pod-wynajem-ID44rwT.html#65ef490b31,Oferta idealna dla Inwestorów pod Wynajem,2,320000.0,8205.0,39.0,WOLA
11,12,44mw9,https://www.otodom.pl/oferta/sprzedam-bezposrednio-mieszkanie-glebocka-115-50m2-ID44mw9.html#65ef490b31,Sprzedam Bezpośrednio Mieszkanie Głębocka 115 50m2,2,500000.0,10000.0,50.0,BIAŁOŁĘKA
12,13,43VvI,https://www.otodom.pl/oferta/ursynow-metro-natolin-3-pokoje-ogrodek-ID43VvI.html#65ef490b31,"Ursynów, Metro Natolin, 3 pokoje, Ogródek",3,590000.0,11132.0,53.0,URSYNÓW
13,14,44ptS,https://www.otodom.pl/oferta/bezposrednio-komfortowy-ekskluzywny-apartament-90m-ID44ptS.html#65ef490b31,Bezpośrednio Komfortowy Ekskluzywny Apartament 90m,3,1067000.0,11989.0,89.0,MOKOTÓW
14,15,44rws,https://www.otodom.pl/oferta/3-pokoje-65-mkw-ul-conrada-ID44rws.html#65ef490b31,"3-pokoje, 65 mkw, ul. Conrada",3,474000.0,7292.0,65.0,BIELANY
15,16,44rwm,https://www.otodom.pl/oferta/rozkladowe-mieszkanie-w-przedwojennej-kamienicy-ID44rwm.html#65ef490b31,Rozkładowe mieszkanie w przedwojennej kamienicy,2,570000.0,9505.0,59.97,PRAGA-PÓŁNOC
16,19,444ID,https://www.otodom.pl/oferta/piekne-mieszkanie-marina-mokotow-bezposrednio-ID444ID.html#65ef490b31,"Piękne mieszkanie, Marina Mokotów, bezpośrednio",3,885000.0,11800.0,75.0,MOKOTÓW
17,20,44rw1,https://www.otodom.pl/oferta/mieszkanie-38-m2-osiedle-olimpia-ul-pileckiego-ID44rw1.html#65ef490b31,"Mieszkanie 38 m2, Osiedle Olimpia, ul. Pileckiego.",2,458000.0,11990.0,38.2,URSYNÓW
18,21,4443W,https://www.otodom.pl/oferta/przytulna-kawalerka-na-pradze-poludnie-ID4443W.html#65ef490b31,Przytulna kawalerka na Pradze Południe,1,379000.0,14427.0,26.27,PRAGA-POŁUDNIE
19,22,44ruC,https://www.otodom.pl/oferta/kawalerka-do-remontu-dolny-mokotow-ID44ruC.html#65ef490b31,Kawalerka do remontu Dolny Mokotów,1,296500.0,10981.0,27.0,MOKOTÓW
20,23,44ruS,https://www.otodom.pl/oferta/mieszkanie-na-bemowie-52m2-ID44ruS.html#65ef490b31,Mieszkanie na Bemowie 52m2!,3,479000.0,9212.0,52.0,BEMOWO
21,24,44ruR,https://www.otodom.pl/oferta/4-pokojowy-apartament-na-bemowie-fort-bema-ID44ruR.html#65ef490b31,4-pokojowy apartament na Bemowie! Fort Bema!,4,1100000.0,11000.0,100.0,BEMOWO
22,25,44ruQ,https://www.otodom.pl/oferta/wysoki-standard-w-miasteczku-wilanow-3-pokoje-ID44ruQ.html#65ef490b31,Wysoki Standard W Miasteczku Wilanów! 3 pokoje!,3,799000.0,11414.0,70.0,WILANÓW
23,26,44ruP,https://www.otodom.pl/oferta/przytulne-mieszkanie-na-bemowie-ID44ruP.html#65ef490b31,Przytulne mieszkanie na Bemowie!,2,450000.0,10000.0,45.0,BEMOWO
24,27,44ruO,https://www.otodom.pl/oferta/kawalerka-na-bielanach-idealna-na-pierwsze-mieszk-ID44ruO.html#65ef490b31,Kawalerka na Bielanach! Idealna Na Pierwsze Mieszk,1,385000.0,12833.0,30.0,BIELANY
25,28,44ruN,https://www.otodom.pl/oferta/3-pokoje-na-mlocinach-ID44ruN.html#65ef490b31,3 pokoje na Młocinach!,3,690000.0,10248.0,67.33,BIELANY
26,29,44ruL,https://www.otodom.pl/oferta/stylowe-2-pokoje-na-bialolece-ID44ruL.html#65ef490b31,Stylowe 2 pokoje na Białołęce.,2,440000.0,9167.0,48.0,BIAŁOŁĘKA
27,30,44ruK,https://www.otodom.pl/oferta/3-pokoje-na-bielanach-blisko-do-metra-do-arkadii-ID44ruK.html#65ef490b31,"3 pokoje na Bielanach, blisko do metra, do Arkadii",3,540000.0,9474.0,57.0,BIELANY
28,31,44ruJ,https://www.otodom.pl/oferta/okazja-3-pokoje-na-bielanach-ID44ruJ.html#65ef490b31,Okazja! 3 Pokoje Na Bielanach!,3,520000.0,8966.0,58.0,BIELANY
29,32,44ruI,https://www.otodom.pl/oferta/3-pokoje-na-bielanach-dobry-standard-ID44ruI.html#65ef490b31,3 pokoje na Bielanach! Dobry Standard!,3,860000.0,11006.0,78.14,BIELANY
30,33,44ruH,https://www.otodom.pl/oferta/dwupokojowe-mieszkanie-w-bardzo-dobrym-stanie-na-b-ID44ruH.html#65ef490b31,Dwupokojowe mieszkanie W Bardzo Dobrym Stanie na B,2,570000.0,9828.0,58.0,BIELANY
31,34,44ruG,https://www.otodom.pl/oferta/2-pokoje-z-ogrodkiem-w-apartamencie-na-bielanach-ID44ruG.html#65ef490b31,2 pokoje z ogródkiem w apartamencie na Bielanach!,2,660000.0,16296.0,40.5,BIELANY
32,35,44ruE,https://www.otodom.pl/oferta/4-pokoje-na-bielanach-mieszkanie-dwupoziomowe-ID44ruE.html#65ef490b31,4 pokoje na Bielanach! Mieszkanie dwupoziomowe!,4,795000.0,9521.0,83.5,BIELANY
33,36,44ruD,https://www.otodom.pl/oferta/kawalerka-na-sadybie-do-remontu-ID44ruD.html#65ef490b31,Kawalerka na Sadybie do remontu.,1,320000.0,11852.0,27.0,MOKOTÓW
34,37,44ruA,https://www.otodom.pl/oferta/3-pokoje-ogrod-36m2-wysoki-standard-ID44ruA.html#65ef490b31,3 pokoje + ogród (36m2)-wysoki standard!,3,667000.0,10262.0,65.0,URSUS
35,38,44ruz,https://www.otodom.pl/oferta/2-pokoje-niedaleko-wum-ID44ruz.html#65ef490b31,2 pokoje niedaleko Wum.,2,545000.0,11354.0,48.0,OCHOTA
36,39,44ruy,https://www.otodom.pl/oferta/2-pokoje-na-zaciszu-osiedle-monitorowane-ID44ruy.html#65ef490b31,"2 pokoje na Zaciszu, osiedle monitorowane.",2,495000.0,8839.0,56.0,TARGÓWEK
37,40,44rux,https://www.otodom.pl/oferta/2-pokoje-na-zoliborzu-z-ogrodkiem-ID44rux.html#65ef490b31,2 pokoje na Żoliborzu z ogródkiem!,2,730000.0,15870.0,46.0,ŻOLIBORZ
38,41,44ruv,https://www.otodom.pl/oferta/idealne-pod-inwestycje-3-nieprzechodnie-pokoje-na-ID44ruv.html#65ef490b31,Idealne Pod Inwestycję! 3 nieprzechodnie pokoje na,3,950000.0,12667.0,75.0,ŻOLIBORZ
39,42,44ruw,https://www.otodom.pl/oferta/3-pokoje-na-zoliborzu-bardzo-dobry-standard-wykon-ID44ruw.html#65ef490b31,3 pokoje na Żoliborzu! Bardzo Dobry Standard Wykoń,3,840000.0,13548.0,62.0,ŻOLIBORZ
40,43,44ruu,https://www.otodom.pl/oferta/2-pokoje-na-artystycznym-zoliborzu-ID44ruu.html#65ef490b31,2 pokoje na Artystycznym Żoliborzu!,2,600000.0,14634.0,41.0,ŻOLIBORZ
41,44,44rut,https://www.otodom.pl/oferta/4-pokoje-w-wysokim-standardzie-na-zoliborzu-kepa-ID44rut.html#65ef490b31,4 pokoje W Wysokim Standardzie na Żoliborzu! Kępa,4,1399000.0,12718.0,110.0,ŻOLIBORZ
42,45,44rus,https://www.otodom.pl/oferta/2-stylowe-popkoje-w-kamienicy-ID44rus.html#65ef490b31,2 stylowe popkoje w kamienicy!,2,630000.0,16579.0,38.0,ŚRÓDMIEŚCIE
43,46,44rur,https://www.otodom.pl/oferta/2-pokoje-na-powislu-swietna-lokalizacja-ID44rur.html#65ef490b31,2 pokoje na Powiślu! Świetna Lokalizacja!,2,860000.0,14333.0,60.0,ŚRÓDMIEŚCIE
44,47,44rup,https://www.otodom.pl/oferta/3-pokoje-w-bardzo-dobrym-standardzie-na-bielanach-ID44rup.html#65ef490b31,3 pokoje w bardzo dobrym standardzie na Bielanach!,3,530000.0,9636.0,55.0,BIELANY
45,48,44ruo,https://www.otodom.pl/oferta/3-pokoje-w-srodmiesciu-inwestycja-apartamenty-mur-ID44ruo.html#65ef490b31,3 pokoje w Śródmieściu! Inwestycja Apartamenty Mur,3,1344000.0,16000.0,84.0,ŚRÓDMIEŚCIE
46,49,44run,https://www.otodom.pl/oferta/wysoki-standard-2-pokoje-w-srodmiesciu-ID44run.html#65ef490b31,Wysoki Standard! 2 pokoje w Śródmieściu!,2,690000.0,18548.0,37.2,ŚRÓDMIEŚCIE
47,50,44rum,https://www.otodom.pl/oferta/idealne-pod-inwestycje-3-pokoje-na-grzybowskiej-ID44rum.html#65ef490b31,Idealne Pod Inwestycję! 3 pokoje na Grzybowskiej!,3,475000.0,9896.0,48.0,ŚRÓDMIEŚCIE
48,51,44rul,https://www.otodom.pl/oferta/dla-wymagajacych-wysoki-standard-wykonczenia-w-mi-ID44rul.html#65ef490b31,Dla Wymagających! Wysoki standard wykończenia w mi,2,1790000.0,22375.0,80.0,ŚRÓDMIEŚCIE
49,52,44ruk,https://www.otodom.pl/oferta/apartament-w-srodmiesciu-3-pokoje-ID44ruk.html#65ef490b31,Apartament w Śródmieściu! 3 pokoje!,3,1400000.0,16667.0,84.0,ŚRÓDMIEŚCIE
50,53,44ruj,https://www.otodom.pl/oferta/kawalerka-na-woli-przy-centrum-ID44ruj.html#65ef490b31,Kawalerka na Woli przy Centrum!,1,310000.0,12917.0,24.0,WOLA
51,54,441Ky,https://www.otodom.pl/oferta/2-pokojowe-mieszkanie-na-ochocie-46m2-po-remoncie-ID441Ky.html#65ef490b31,2 pokojowe mieszkanie na Ochocie 46m2 po remoncie,2,599000.0,13022.0,46.0,OCHOTA
52,55,44rui,https://www.otodom.pl/oferta/2-pokoje-na-pradze-polnoc-ID44rui.html#65ef490b31,2 pokoje na Pradze-Północ!,2,472000.0,12103.0,39.0,PRAGA-PÓŁNOC
53,56,44ruh,https://www.otodom.pl/oferta/3-pokoje-z-duzym-tarasem-na-ursynowie-ID44ruh.html#65ef490b31,3 pokoje z dużym tarasem na Ursynowie!,3,630000.0,10000.0,63.0,URSYNÓW
54,57,44rug,https://www.otodom.pl/oferta/2-pokoje-na-bialolece-ID44rug.html#65ef490b31,2 pokoje na Białołęce!,2,420000.0,8750.0,48.0,BIAŁOŁĘKA
55,58,44ruf,https://www.otodom.pl/oferta/3-pokoje-na-warszawskim-bemowo-ID44ruf.html#65ef490b31,3 pokoje na warszawskim Bemowo!,3,705000.0,10522.0,67.0,BEMOWO
56,59,44rue,https://www.otodom.pl/oferta/2-pokojowy-apartament-w-srodmiesciu-ID44rue.html#65ef490b31,2 pokojowy apartament w Śródmieściu!,2,555000.0,18500.0,30.0,WOLA
57,60,44rud,https://www.otodom.pl/oferta/2-pokojowe-jasne-i-cieple-na-tarchominie-ID44rud.html#65ef490b31,"2 pokojowe, jasne i ciepłe na Tarchominie!",2,388000.0,8622.0,45.0,BIAŁOŁĘKA
58,61,44ru2,https://www.otodom.pl/oferta/nowoczesny-dom-w-pyrach-ID44ru2.html#65ef490b31,Nowoczesny Dom W Pyrach,4,1609500.0,9028.0,178.27,URSYNÓW
59,62,44b0D,https://www.otodom.pl/oferta/saska-k-dwustronne-rozkladowe-balkon-wysokie-ID44b0D.html#65ef490b31,Saska K.; dwustronne; rozkładowe; balkon; wysokie,2,640000.0,11900.0,53.78,PRAGA-POŁUDNIE
60,63,44psA,https://www.otodom.pl/oferta/wysoki-standard-kup-i-zamieszkaj-widok-na-wisle-ID44psA.html#65ef490b31,Wysoki standard; kup i zamieszkaj; widok na Wisłę,2,699000.0,12802.0,54.6,PRAGA-POŁUDNIE
61,64,44rtM,https://www.otodom.pl/oferta/mieszkanie-warszawa-wola-ID44rtM.html#65ef490b31,Mieszkanie - Warszawa Wola,2,760000.0,14254.0,53.32,WOLA
62,65,436st,https://www.otodom.pl/oferta/najprawdopodobniej-najlepsze-m-4-na-woli-sprawdz-ID436st.html#65ef490b31,Najprawdopodobniej najlepsze M-4 na Woli. Sprawdź!,3,429000.0,8580.0,50.0,WOLA
63,66,44rsG,https://www.otodom.pl/oferta/mieszkanie-w-kamienicy-stara-ochota-winda-0-ID44rsG.html#65ef490b31,"Mieszkanie W Kamienicy, Stara Ochota, Winda, 0%!!!",2,850000.0,12006.0,70.8,OCHOTA
64,67,44rts,https://www.otodom.pl/oferta/przy-metrze-odbierz-klucze-juz-teraz-zadzwon-ID44rts.html#65ef490b31,Przy metrze! Odbierz klucze już teraz! Zadzwoń!,4,1700000.0,13351.0,127.33,BIELANY
65,68,44rtf,https://www.otodom.pl/oferta/ciekawe-rozmieszczenie-3-pokoje-ID44rtf.html#65ef490b31,Ciekawe rozmieszczenie- 3 pokoje,3,473000.0,7674.0,61.64,BIAŁOŁĘKA
66,69,44rte,https://www.otodom.pl/oferta/polaczenie-wielkiego-miasta-i-spokoju-ID44rte.html#65ef490b31,Połączenie wielkiego miasta i spokoju.,2,387192.0,8318.0,46.55,BIAŁOŁĘKA
67,70,44rtc,https://www.otodom.pl/oferta/piekne-mieszkanie-z-ogrodkiem-nie-czekaj-ID44rtc.html#65ef490b31,"Piękne mieszkanie z ogródkiem, nie czekaj!",3,436000.0,7396.0,58.95,BIAŁOŁĘKA
68,71,44rtd,https://www.otodom.pl/oferta/widok-na-panorame-wwa-w-cenie-ostatnie-pietro-ID44rtd.html#65ef490b31,Widok na panoramę Wwa w cenie! Ostatnie piętro!,3,696000.0,11841.0,58.78,MOKOTÓW
69,72,44rtb,https://www.otodom.pl/oferta/najlepsza-lokalizacja-w-wwa-zapytaj-o-rabat-hit-ID44rtb.html#65ef490b31,Najlepsza lokalizacja w Wwa! Zapytaj o rabat! Hit,3,627000.0,10935.0,57.34,MOKOTÓW
70,73,446TS,https://www.otodom.pl/oferta/sarmacka-bezposrednio-153m-ogrod-taras-garaz-ID446TS.html#65ef490b31,"SARMACKA BEZPOŚREDNIO 153m, ogród, taras, garaż",5,1383000.0,9000.0,153.67,WILANÓW
71,74,44dp7,https://www.otodom.pl/oferta/wysokie-mieszkanie-z-tarasem-100m2-ID44dp7.html#65ef490b31,Wysokie mieszkanie z tarasem 100m2,4,775000.0,8960.0,86.5,BEMOWO
72,75,44rsE,https://www.otodom.pl/oferta/ciche-osiedle-idealne-na-wynajem-po-remoncie-ID44rsE.html#65ef490b31,"Ciche osiedle, idealne na wynajem, po remoncie",3,478000.0,10106.0,47.3,BIELANY
73,76,42kNQ,https://www.otodom.pl/oferta/idealne-mieszkanie-dla-mlodych-do-wprowadzenia-ID42kNQ.html#1fa0ab5241,Idealne mieszkanie dla młodych - do wprowadzenia!!,2,499000.0,7921.0,63.0,BIAŁOŁĘKA
74,77,41xRM,https://www.otodom.pl/oferta/apartament-89m-zacisze-ul-bajeczna-ID41xRM.html#1fa0ab5241,Apartament 89m Zacisze UL. BAJECZNA,4,700000.0,7955.0,88.0,TARGÓWEK
75,78,44fux,https://www.otodom.pl/oferta/sprzedam-mieszkanie-nowy-rakow-41-41-m2-ID44fux.html#1fa0ab5241,"Sprzedam mieszkanie Nowy Raków 41,41 m2",2,540000.0,13040.0,41.41,WŁOCHY
76,79,444Hv,https://www.otodom.pl/oferta/inwestycyjne-do-remontu-10-min-od-centrum-ID444Hv.html#1fa0ab5241,Inwestycyjne do remontu 10 min. od centrum,2,420000.0,8235.0,51.0,PRAGA-POŁUDNIE
77,80,43ACn,https://www.otodom.pl/oferta/kamienica-ul-hoza-2-pokoje-59-mkw-ID43ACn.html#1fa0ab5241,"Kamienica, ul. Hoża, 2 pokoje, 59 mkw.",2,885000.0,15000.0,59.0,ŚRÓDMIEŚCIE
78,81,44rrQ,https://www.otodom.pl/oferta/kamienica-w-remertowie-na-sprzedaz-ID44rrQ.html#1fa0ab5241,Kamienica w Remertowie na sprzedaż,10,1250000.0,3472.0,360.0,REMBERTÓW
79,82,44kb5,https://www.otodom.pl/oferta/mieszkanie-66-5-m2-4-pokoje-ul-skarbka-z-gor-ID44kb5.html#1fa0ab5241,"Mieszkanie 66,5 m2, 4 pokoje - ul. Skarbka z Gór",4,565000.0,8499.0,66.48,BIAŁOŁĘKA
80,83,42PBY,https://www.otodom.pl/oferta/przestronne-mieszkanie-z-widokiem-na-fort-bema-ID42PBY.html#1fa0ab5241,Przestronne mieszkanie z widokiem na Fort Bema,3,790000.0,10417.0,75.84,BEMOWO
81,84,44rrd,https://www.otodom.pl/oferta/apartament-inwestycyjny-11000zl-m2-netto-1pok-ID44rrd.html#1fa0ab5241,"Apartament Inwestycyjny, 11000zł/m2 netto, 1pok",1,326000.0,11241.0,29.0,WOLA
82,85,44rr9,https://www.otodom.pl/oferta/apartament-inwestycyjny-bliska-wola-1pok-super-ID44rr9.html#1fa0ab5241,"Apartament Inwestycyjny, Bliska Wola, 1pok, Super!",1,241000.0,13389.0,18.0,WOLA
83,86,44rr4,https://www.otodom.pl/oferta/7000zl-m2-tarchomin-bezposrednio-2pok-50m2-balkon-ID44rr4.html#1fa0ab5241,"7000zł/m2,Tarchomin,Bezpośrednio, 2pok,50m2,Balkon",2,353000.0,7060.0,50.0,BIAŁOŁĘKA
84,87,44rr6,https://www.otodom.pl/oferta/7200zl-m2-tarchomin-bezposrednio-2pok-49m2-balkon-ID44rr6.html#1fa0ab5241,"7200zł/m2,Tarchomin,Bezpośrednio, 2pok,49m2,Balkon",2,362000.0,7388.0,49.0,BIAŁOŁĘKA
85,88,44rr7,https://www.otodom.pl/oferta/tarchomin-bezposrednio-2pok-31m2-balkon-ID44rr7.html#1fa0ab5241,"Tarchomin, Bezpośrednio, 2pok, 31m2, Balkon,",2,271000.0,8742.0,31.0,BIAŁOŁĘKA
86,89,44rr8,https://www.otodom.pl/oferta/tarchomin-bezposrednio-2pok-31m2-balkon-ID44rr8.html#1fa0ab5241,"Tarchomin, Bezpośrednio, 2pok, 31m2, Balkon,",2,271000.0,8742.0,31.0,BIAŁOŁĘKA
87,90,44rr3,https://www.otodom.pl/oferta/7200zl-m2-tarchomin-bezposrednio-2pok-47m2-balkon-ID44rr3.html#1fa0ab5241,"7200zł/m2,Tarchomin,Bezpośrednio, 2pok,47m2,Balkon",2,341000.0,7255.0,47.0,BIAŁOŁĘKA
88,91,44rr1,https://www.otodom.pl/oferta/3pok-wola-deweloper-bezposrednio-51m2-wysoki-st-ID44rr1.html#1fa0ab5241,"3pok, Wola, Deweloper, Bezpośrednio,51m2,Wysoki St",3,553000.0,10843.0,51.0,WOLA
89,92,44rr2,https://www.otodom.pl/oferta/tarchomin-bezposrednio-2pok-39m2-balkon-ID44rr2.html#1fa0ab5241,"Tarchomin, Bezpośrednio, 2pok, 39m2, Balkon,",2,314000.0,8051.0,39.0,BIAŁOŁĘKA
90,93,44rqZ,https://www.otodom.pl/oferta/2pok-wola-deweloper-bezposrednio-49m2-wysoki-st-ID44rqZ.html#1fa0ab5241,"2pok, Wola, Deweloper, Bezpośrednio,49m2,Wysoki St",2,557000.0,11367.0,49.0,WOLA
91,94,44rr0,https://www.otodom.pl/oferta/2pok-wola-deweloper-bezposrednio-42m2-wysoki-st-ID44rr0.html#1fa0ab5241,"2pok, Wola, Deweloper, Bezpośrednio,42m2,Wysoki St",2,518000.0,12333.0,42.0,WOLA
92,95,44rqH,https://www.otodom.pl/oferta/wysoki-standard-rewelacyjna-lokalizacja-ID44rqH.html#1fa0ab5241,"Wysoki Standard, Rewelacyjna Lokalizacja",2,620000.0,13778.0,45.0,OCHOTA
93,96,43Ify,https://www.otodom.pl/oferta/centrum-47-m2-z-klimatem-dla-koneserow-ID43Ify.html#1fa0ab5241,Centrum 47 m2 z klimatem dla koneserów,2,588000.0,12511.0,47.0,CENTRUM
94,97,44rqr,https://www.otodom.pl/oferta/49m2-z-wyjsciem-na-park-szymanskiego-wola-ID44rqr.html#1fa0ab5241,49m2 z wyjściem na park Szymańskiego (Wola).,3,505000.0,10306.0,49.0,MAZOWIECKIE
95,98,44qZ9,https://www.otodom.pl/oferta/duzy-taras-widok-z-chmur-penthouse-ID44qZ9.html#1fa0ab5241,Duży TARAS_widok z chmur_Penthouse,4,1205800.0,15073.0,80.0,ŚRÓDMIEŚCIE
96,99,44qZi,https://www.otodom.pl/oferta/najlepsza-cena-rodzinne-4-pok-z-dwoma-tarasami-ID44qZi.html#1fa0ab5241,Najlepsza Cena ! Rodzinne 4 pok z dwoma Tarasami,4,983500.0,10245.0,96.0,ŚRÓDMIEŚCIE
97,100,44qZs,https://www.otodom.pl/oferta/cichy-apartament-z-loggia-i-panorama-na-centrum-ID44qZs.html#1fa0ab5241,Cichy apartament z loggią i panoramą na Centrum,3,736332.0,8562.0,86.0,ŚRÓDMIEŚCIE
98,101,44rqe,https://www.otodom.pl/oferta/luksusowy-apartament-z-przepieknym-widokiem-ID44rqe.html#1fa0ab5241,Luksusowy apartament z przepięknym widokiem,4,2520000.0,15750.0,160.0,MOKOTÓW
99,102,44qZy,https://www.otodom.pl/oferta/wybierz-mieszkanie-dla-siebie-atrakcyjna-lokaliza-ID44qZy.html#1fa0ab5241,Wybierz mieszkanie dla siebie/atrakcyjna lokaliza.,3,568000.0,10923.0,52.0,ŚRÓDMIEŚCIE
100,103,44qZD,https://www.otodom.pl/oferta/super-apartament-blisko-centrum-moze-byc-twoj-ID44qZD.html#1fa0ab5241,SUPER apartament blisko Centrum_może być Twój,3,685000.0,11048.0,62.0,ŚRÓDMIEŚCIE
101,104,44r01,https://www.otodom.pl/oferta/przytulne-i-funkcjonalne-mieszkanie-zainwestuj-ID44r01.html#1fa0ab5241,Przytulne i funkcjonalne mieszkanie_ZAINWESTUJ,2,534000.0,12419.0,43.0,WOLA
102,105,44r06,https://www.otodom.pl/oferta/wyjatkowe-pod-kazdym-wzgledem-apartamenty-na-woli-ID44r06.html#1fa0ab5241,Wyjątkowe pod każdym względem_apartamenty na Woli,1,417600.0,15467.0,27.0,WOLA
103,106,44r0c,https://www.otodom.pl/oferta/bliska-wola-nowe-mieszkania-od-dewelopera-ID44r0c.html#1fa0ab5241,Bliska Wola_NOWE mieszkania od Dewelopera,2,404600.0,10647.0,38.0,WOLA
104,107,44r0g,https://www.otodom.pl/oferta/kawalerka-w-26-pietrowym-apartamentowcu-na-woli-ID44r0g.html#1fa0ab5241,Kawalerka w 26 piętrowym apartamentowcu na Woli,1,238700.0,12241.0,19.5,WOLA
105,108,44r0l,https://www.otodom.pl/oferta/zamieszkaj-na-bliskiej-woli-mieszkania-od-333tys-ID44r0l.html#1fa0ab5241,Zamieszkaj na Bliskiej Woli_mieszkania od 333tys.,1,333200.0,11107.0,30.0,WOLA
106,109,44rqb,https://www.otodom.pl/oferta/trzy-pokoje-przy-metrze-bielany-ID44rqb.html#1fa0ab5241,Trzy pokoje przy metrze Bielany,3,1050000.0,10595.0,99.1,BIELANY
107,110,42AOP,https://www.otodom.pl/oferta/zoliborz-z-widokiem-na-kepe-potocka-ID42AOP.html#1fa0ab5241,Żoliborz z widokiem na Kępę Potocką,3,1425000.0,12955.0,110.0,ŻOLIBORZ
108,111,44dnb,https://www.otodom.pl/oferta/mieszkanie-patriotow-wawer-4-pokoje-blisko-skm-ID44dnb.html#1fa0ab5241,Mieszkanie Patriotów Wawer 4 pokoje blisko SKM,4,850000.0,10131.0,83.9,WAWER
109,112,44rpK,https://www.otodom.pl/oferta/3-pokoje-na-ochocie-pod-dzialalnosc-i-dla-rodziny-ID44rpK.html#1fa0ab5241,3 pokoje na Ochocie/Pod działalność i dla Rodziny/,3,570000.0,9194.0,62.0,OCHOTA
110,113,44rpG,https://www.otodom.pl/oferta/dwupokojowe-mieszkanie-do-kapitalnego-remontu-ID44rpG.html#1fa0ab5241,Dwupokojowe mieszkanie do kapitalnego remontu,2,360000.0,7129.0,50.5,BEMOWO
111,114,43pSJ,https://www.otodom.pl/oferta/czteropokojowe-mieszkanie-z-antresola-ID43pSJ.html#1fa0ab5241,Czteropokojowe mieszkanie z antresolą,4,1199000.0,11990.0,100.0,ŻOLIBORZ
112,115,44rpA,https://www.otodom.pl/oferta/zamieszkaj-w-kamienicy-na-nowolipkach-ID44rpA.html#1fa0ab5241,Zamieszkaj w kamienicy na Nowolipkach !,2,573000.0,11814.0,48.5,ŚRÓDMIEŚCIE
113,116,44qTY,https://www.otodom.pl/oferta/stylowe-3-pokojowe-55m2-ochota-obok-blue-city-ID44qTY.html#1fa0ab5241,Stylowe 3-pokojowe 55m2 Ochota obok Blue City,3,720000.0,13091.0,55.0,OCHOTA
114,117,44i1H,https://www.otodom.pl/oferta/super-cena-gotowe-do-zamieszkania-klimatyzacja-ID44i1H.html#1fa0ab5241,"SUPER CENA, gotowe do zamieszkania, KLIMATYZACJA",3,602000.0,8600.0,70.0,URSUS
115,118,44rpp,https://www.otodom.pl/oferta/nowy-budynek-m4-taras-balkon-rodziny-polecam-ID44rpp.html#1fa0ab5241,Nowy Budynek M4 + taras + balkon Rodziny Polecam,4,730000.0,8488.0,86.0,WOLA
116,119,44rpn,https://www.otodom.pl/oferta/nowy-budynek-m4-taras-balkon-rodziny-polecam-ID44rpn.html#1fa0ab5241,Nowy Budynek M4 + taras + balkon Rodziny Polecam,4,730000.0,8488.0,86.0,ŚRÓDMIEŚCIE
117,120,44rpj,https://www.otodom.pl/oferta/kawalerka-zainwestuj-i-odlicz-45-000zl-ID44rpj.html#1fa0ab5241,Kawalerka zainwestuj i odlicz 45.000zł !,1,220000.0,11000.0,20.0,ŚRÓDMIEŚCIE
118,121,44rpg,https://www.otodom.pl/oferta/3-pokoje-2-lazienki-garderoba-blisko-centrum-ID44rpg.html#1fa0ab5241,3 pokoje 2_łazienki_+garderoba Blisko Centrum,3,560000.0,10370.0,54.0,ŚRÓDMIEŚCIE
119,122,44rp6,https://www.otodom.pl/oferta/widok-park-szczesliwicki-taras-12mkw-bezposr-ID44rp6.html#1fa0ab5241,widok PARK Szczęśliwicki - taras 12mkw - BEZPOŚR,3,790000.0,12670.0,62.35,OCHOTA
120,123,44dmj,https://www.otodom.pl/oferta/apartamenty-przy-krasinskiego-ID44dmj.html#1fa0ab5241,Apartamenty przy Krasińskiego,3,1100000.0,14865.0,74.0,ŻOLIBORZ
121,124,3XGms,https://www.otodom.pl/oferta/mieszkanie-warszawa-ochota-ID3XGms.html#1fa0ab5241,Mieszkanie - Warszawa Ochota,3,790000.0,11449.0,69.0,OCHOTA
122,125,40Eby,https://www.otodom.pl/oferta/sprzedam-2-pokojowe-na-gornym-mokotowie-ID40Eby.html#1fa0ab5241,Sprzedam 2 pokojowe na Górnym Mokotowie,2,429000.0,11000.0,39.0,MOKOTÓW
123,126,44roW,https://www.otodom.pl/oferta/apartament-w-zabytkowej-zoliborskiej-kamienicy-ID44roW.html#1fa0ab5241,Apartament w zabytkowej Żoliborskiej kamienicy,4,960000.0,9796.0,98.0,ŻOLIBORZ
124,127,42YLu,https://www.otodom.pl/oferta/absolutne-centrum-warszawy-ID42YLu.html#1fa0ab5241,Absolutne centrum Warszawy,3,780000.0,12863.0,60.64,ŚRÓDMIEŚCIE
125,128,44roS,https://www.otodom.pl/oferta/przestronny-apartament-przy-parku-ID44roS.html#1fa0ab5241,Przestronny apartament przy parku,4,1790000.0,12786.0,140.0,ŻOLIBORZ
126,129,44roN,https://www.otodom.pl/oferta/dwupoziomowe-na-goclawiu-ID44roN.html#1fa0ab5241,Dwupoziomowe na Gocławiu,5,879000.0,6867.0,128.0,PRAGA-POŁUDNIE
127,130,44roq,https://www.otodom.pl/oferta/eleganckie-mieszkanie-53-8m-bezposrednio-ID44roq.html#1fa0ab5241,"Eleganckie mieszkanie, 53,8m², bezpośrednio",2,780100.0,14500.0,53.8,PRAGA-POŁUDNIE
128,131,44roG,https://www.otodom.pl/oferta/kompaktowe-mieszkanie-wiele-mozliwosci-aranzacji-ID44roG.html#1fa0ab5241,Kompaktowe mieszkanie - wiele możliwości aranżacji,2,375000.0,7813.0,48.0,URSUS
129,132,44roF,https://www.otodom.pl/oferta/2-pokoje-z-ogrodkiem-125-m2-klucze-w-tym-roku-ID44roF.html#1fa0ab5241,"2 pokoje z ogródkiem 125 m2, klucze w tym roku",2,460000.0,10000.0,46.0,MOKOTÓW
130,133,44roE,https://www.otodom.pl/oferta/3-pok-w-komfortowym-metrazu-gotowe-do-odbioru-ID44roE.html#1fa0ab5241,"3 pok w komfortowym metrażu, gotowe do odbioru",3,550000.0,8185.0,67.2,MOKOTÓW
131,134,44roB,https://www.otodom.pl/oferta/2-pokoje-z-ogrodkiem-klucze-w-tym-roku-ID44roB.html#1fa0ab5241,"2 pokoje z ogródkiem, klucze w tym roku",2,319000.0,9969.0,32.0,MOKOTÓW
132,135,44ro3,https://www.otodom.pl/oferta/goclaw-nowa-inwestycja-ID44ro3.html#1fa0ab5241,Gocław - nowa inwestycja,2,430500.0,12216.0,35.24,PRAGA-POŁUDNIE
133,136,44rnl,https://www.otodom.pl/oferta/sprzedam-ID44rnl.html#1fa0ab5241,sprzedam,3,850000.0,13710.0,62.0,ŚRÓDMIEŚCIE
134,137,44rnX,https://www.otodom.pl/oferta/3-pokojowe-balkon-ogrodek-parking-mokotow-ID44rnX.html#1fa0ab5241,"3-pokojowe, balkon,ogródek,parking, Mokotów",3,770000.0,11493.0,67.0,MOKOTÓW
135,138,44rnV,https://www.otodom.pl/oferta/atrakcyjne-2-pokoje-taras-garaz-wilanow-ID44rnV.html#1fa0ab5241,"Atrakcyjne 2-pokoje,taras,garaż, Wilanów",2,570000.0,10364.0,55.0,WILANÓW
136,139,44rnQ,https://www.otodom.pl/oferta/3-pokojowe-balkon-targowek-ID44rnQ.html#1fa0ab5241,"3-pokojowe, balkon, Targówek",3,520000.0,8667.0,60.0,TARGÓWEK
137,140,44hSo,https://www.otodom.pl/oferta/mieszkanie-dwupokojowe-bemowo-ul-dywizjonu303-ID44hSo.html#1fa0ab5241,Mieszkanie dwupokojowe Bemowo ul. Dywizjonu303,2,579000.0,10165.0,56.96,BEMOWO
138,141,44rmZ,https://www.otodom.pl/oferta/mieszkanie-76-m-warszawa-ID44rmZ.html#1fa0ab5241,"Mieszkanie, 76 m², Warszawa",3,750000.0,9868.0,76.0,PRAGA-POŁUDNIE
139,142,44rmJ,https://www.otodom.pl/oferta/studio-kawalerka-lake-park-apartments-lodgia-6m2-ID44rmJ.html#1fa0ab5241,Studio kawalerka Lake Park Apartments lodgia 6m2,1,476800.0,14900.0,32.0,URSYNÓW
140,143,44rms,https://www.otodom.pl/oferta/2-pok-apartament-56-m2-ul-klobucka-23-ID44rms.html#1fa0ab5241,"2 pok. Apartament, 56 m2, ul. Kłobucka 23",2,675000.0,12195.0,55.35,URSYNÓW
141,144,44pjU,https://www.otodom.pl/oferta/bezposrednio-rezydencja-marina-ii-cesje-sprzedam-ID44pjU.html#1fa0ab5241,Bezpośrednio REZYDENCJA MARINA II /Cesje Sprzedam.,2,799000.0,15135.0,52.79,MOKOTÓW
142,145,44rlp,https://www.otodom.pl/oferta/bez-pcc-2-pokoje-i-garderoba-extra-lokalizacja-ID44rlp.html#1fa0ab5241,Bez PCC!!!2 pokoje i GARDEROBA! Extra lokalizacja!,2,659000.0,12922.0,51.0,PRAGA-POŁUDNIE
143,146,43270,https://www.otodom.pl/oferta/przytulne-mieszkanie-w-miasteczku-wilanow-ID43270.html#1fa0ab5241,Przytulne mieszkanie w Miasteczku Wilanów,2,659000.0,10969.0,60.08,WILANÓW
144,147,44aCb,https://www.otodom.pl/oferta/nowoczesny-apartament-z-niepowtarzalnym-widokiem-ID44aCb.html#1fa0ab5241,Nowoczesny Apartament z niepowtarzalnym widokiem,4,2289000.0,17234.0,132.82,URSYNÓW
145,148,44rlc,https://www.otodom.pl/oferta/mieszkanie-2-pokojowe-39-95m2-miasteczko-wilanow-ID44rlc.html#1fa0ab5241,"Mieszkanie 2-pokojowe, 39,95m2, Miasteczko Wilanów",2,500000.0,12516.0,39.95,WILANÓW
146,149,43Xv9,https://www.otodom.pl/oferta/super-kawalerka-qbik-woronicza-ID43Xv9.html#1fa0ab5241,Super kawalerka - Qbik Woronicza,1,435000.0,11647.0,37.35,MOKOTÓW
147,150,44rkV,https://www.otodom.pl/oferta/2-pokoje-gotowe-do-wprowadzenia-z-ogromnym-tarasem-ID44rkV.html#1fa0ab5241,2 pokoje gotowe do wprowadzenia z ogromnym tarasem,2,519000.0,14321.0,36.24,WOLA
148,151,44hxT,https://www.otodom.pl/oferta/1-pok-32m2-tarchomin-2pietro-bezposrednio-ID44hxT.html#2a80e35130,1-pok.32m2 Tarchomin 2piętro-bezpośrednio.,1,297000.0,9281.0,32.0,BIAŁOŁĘKA
149,152,44hJE,https://www.otodom.pl/oferta/piekne-mieszkanie-ochota-rakowiec-85-m2-ID44hJE.html#2a80e35130,"Piękne mieszkanie Ochota Rakowiec, 85 m2",3,970000.0,11412.0,85.0,OCHOTA
150,153,43xOg,https://www.otodom.pl/oferta/warszawa-ochota-34m2-apartament-okazja-ID43xOg.html#2a80e35130,Warszawa Ochota 34m2.Apartament Okazja!!!,2,386346.0,11400.0,33.89,WŁOCHY
151,154,44rl6,https://www.otodom.pl/oferta/taniej-niz-u-dewelopera-bliska-wola-ID44rl6.html#2a80e35130,Taniej niż u Dewelopera Bliska Wola,2,509000.0,13048.0,39.01,WOLA
152,155,44rl5,https://www.otodom.pl/oferta/gotowe-do-odbioru-rondo-wiatraczna-ID44rl5.html#2a80e35130,"Gotowe do odbioru, Rondo Wiatraczna",4,580000.0,7342.0,79.0,PRAGA-POŁUDNIE
153,156,44rl4,https://www.otodom.pl/oferta/inwestycja-gotowa-super-lokalizacja-metromarymot-ID44rl4.html#2a80e35130,"Inwestycja gotowa, Super Lokalizacja, MetroMarymot",2,360000.0,7186.0,50.1,BIAŁOŁĘKA
154,157,44rl3,https://www.otodom.pl/oferta/3-pokoje-18-min-do-metra-promocja-ID44rl3.html#2a80e35130,3 pokoje 18 min do Metra Promocja,3,316000.0,5623.0,56.2,BIAŁOŁĘKA
155,158,44rl0,https://www.otodom.pl/oferta/metro-marymont-inwestycja-gotowa-ostatnie-pie-ID44rl0.html#2a80e35130,"Metro Marymont, inwestycja gotowa !!! ostatnie pię",2,356000.0,7417.0,48.0,BIAŁOŁĘKA
156,159,44rl2,https://www.otodom.pl/oferta/2-pokoje-18-min-autobusem-do-stacji-metra-promocja-ID44rl2.html#2a80e35130,2 pokoje 18 min autobusem do stacji metra Promocja,2,269000.0,6037.0,44.56,BIAŁOŁĘKA
157,160,42MXW,https://www.otodom.pl/oferta/apartament-4-pokojowy-w-centrum-bezposrednio-ID42MXW.html#2a80e35130,apartament 4-pokojowy w Centrum bezposrednio,4,1390000.0,10000.0,139.0,ŚRÓDMIEŚCIE
158,161,43WDe,https://www.otodom.pl/oferta/81m2-z-niepowtarzalnym-widokiem-os-sakura-ID43WDe.html#2a80e35130,"81m2 z niepowtarzalnym widokiem, os Sakura",3,1130000.0,13951.0,81.0,MOKOTÓW
159,162,44rks,https://www.otodom.pl/oferta/jak-zlota-44-cosmopolitan-odicz-70-000zl-vat-ID44rks.html#2a80e35130,jak Złota 44 & Cosmopolitan Odicz 70 000zł Vat !,2,325000.0,10484.0,31.0,ŚRÓDMIEŚCIE
160,163,44rkr,https://www.otodom.pl/oferta/penthouse-w-nowoczesnym-budynku-apartamentowym-ID44rkr.html#2a80e35130,Penthouse w nowoczesnym budynku Apartamentowym,4,950000.0,9500.0,100.0,WOLA
161,164,44rkq,https://www.otodom.pl/oferta/goraca-oferta-apartament-3-pokoje-z-tarasem-ID44rkq.html#2a80e35130,Gorąca Oferta - Apartament 3 pokoje z Tarasem,3,570000.0,9828.0,58.0,WOLA
162,165,44rko,https://www.otodom.pl/oferta/kawalerka-w-budynku-premium-ID44rko.html#2a80e35130,kawalerka w budynku premium,1,230000.0,10952.0,21.0,WOLA
163,166,44rkp,https://www.otodom.pl/oferta/przy-metrze-mieszkanie-3-pokoje-z-klimatyzacja-ID44rkp.html#2a80e35130,Przy Metrze! Mieszkanie 3 pokoje z Klimatyzacją,3,629000.0,9984.0,63.0,WOLA
164,167,44rkn,https://www.otodom.pl/oferta/nowosc-atrakcyjna-lokalizacja-cena-rozklad-ID44rkn.html#2a80e35130,"Nowość - Atrakcyjna Lokalizacja, Cena, Rozkład!!!",2,408000.0,11027.0,37.0,WOLA
165,168,44rk0,https://www.otodom.pl/oferta/wykonczone-mieszkanie-dwupokojowe-40-16-m2-ursus-ID44rk0.html#2a80e35130,"Wykończone mieszkanie dwupokojowe 40,16 m2 Ursus.",2,438000.0,10906.0,40.16,MAZOWIECKIE
166,169,44rk2,https://www.otodom.pl/oferta/mokotow-pieknie-urzadzone-ciche-bezposrednio-ID44rk2.html#2a80e35130,"Mokotów, pięknie urządzone, ciche. Bezpośrednio.",2,549000.0,13725.0,40.0,MOKOTÓW
167,170,44rk6,https://www.otodom.pl/oferta/okazja-cicho-galeria-mokotow-mordor-ID44rk6.html#2a80e35130,Okazja/Cicho/Galeria Mokotów/Mordor,2,450000.0,10321.0,43.6,MOKOTÓW
168,171,44rjX,https://www.otodom.pl/oferta/nowy-apartament-na-zoliborzu-stan-deweloperski-ID44rjX.html#2a80e35130,"Nowy apartament na Żoliborzu, stan deweloperski!",2,758000.0,12500.0,60.64,ŻOLIBORZ
169,172,44rjq,https://www.otodom.pl/oferta/zamkniete-osiedle-2-miejsca-postojowe-kominek-ID44rjq.html#2a80e35130,"Zamknięte osiedle, 2 miejsca postojowe, *kominek*",4,699000.0,7854.0,89.0,BIAŁOŁĘKA
170,173,44rjm,https://www.otodom.pl/oferta/dwa-pokoje-na-tarchominie-w-super-lokalizacji-ID44rjm.html#2a80e35130,Dwa pokoje na Tarchominie w super lokalizacji,2,357000.0,7702.0,46.35,BIAŁOŁĘKA
171,176,44rj3,https://www.otodom.pl/oferta/mieszkanie-64-m-warszawa-ID44rj3.html#2a80e35130,"Mieszkanie, 64 m², Warszawa",4,540000.0,8438.0,64.0,MOKOTÓW
172,177,44rj0,https://www.otodom.pl/oferta/iii-poziomyunikattarasmetro-ID44rj0.html#2a80e35130,***III-poziomy*UNIKAT*Taras*METRO***,5,1800000.0,10465.0,172.0,PRAGA-PÓŁNOC
173,178,44hQ8,https://www.otodom.pl/oferta/apartament-w-kamienicy-w-doskonalej-lokalizacji-ID44hQ8.html#2a80e35130,Apartament w kamienicy - w doskonałej lokalizacji,2,690000.0,18158.0,38.0,ŻOLIBORZ
174,179,44riK,https://www.otodom.pl/oferta/2-pokojowe-mieszkanie-43-m2-na-ursusie-ID44riK.html#2a80e35130,2 pokojowe mieszkanie 43 m2 na Ursusie,2,356000.0,8227.0,43.27,URSUS
175,180,44riE,https://www.otodom.pl/oferta/2-osobne-pokoje-46-m2-bemowo-gotowe-do-wprowadzen-ID44riE.html#2a80e35130,2 osobne pokoje 46 m2 Bemowo- gotowe do wprowadzen,2,515200.0,11200.0,46.0,BEMOWO
176,181,44rhs,https://www.otodom.pl/oferta/jednopokojowe-typu-studio-po-generalnym-remoncie-ID44rhs.html#2a80e35130,Jednopokojowe Typu Studio po Generalnym Remoncie,1,325000.0,12500.0,26.0,ŻOLIBORZ
177,182,44rhe,https://www.otodom.pl/oferta/3-pokoje-wola-ul-antka-rozpylacza-ID44rhe.html#2a80e35130,3 pokoje Wola ul. Antka Rozpylacza,3,649000.0,11311.0,57.38,WOLA
178,183,44rh7,https://www.otodom.pl/oferta/atrakcyjne-mieszkanie-super-cena-ID44rh7.html#2a80e35130,Atrakcyjne mieszkanie!! Super cena!!,4,695894.0,8690.0,80.08,WILANÓW
179,184,41NnL,https://www.otodom.pl/oferta/piekne-mieszkanie-na-stegnach-z-kw-bezposrednio-ID41NnL.html#2a80e35130,Piękne mieszkanie na Stegnach z kw. BEZPOŚREDNIO,3,525000.0,9545.0,55.0,MOKOTÓW
180,185,44rgA,https://www.otodom.pl/oferta/mieszkanie-bielany-2016-r-gotowe-bezposrednio-4pok-ID44rgA.html#2a80e35130,Mieszkanie Bielany 2016 r.gotowe BEZPOŚREDNIO 4pok,4,699000.0,11969.0,58.4,BIELANY
181,186,44d6M,https://www.otodom.pl/oferta/lake-park-58-m2-pieskowa-skala-11-3-pokoje-ID44d6M.html#2a80e35130,Lake Park 58 m2 Pieskowa skała 11 3 pokoje,3,641000.0,11052.0,58.0,URSYNÓW
182,187,435ux,https://www.otodom.pl/oferta/mieszkanie-na-sprzedaz-mokotow-ID435ux.html#2a80e35130,"Mieszkanie na sprzedaż, Mokotów",2,1020000.0,21702.0,47.0,MOKOTÓW
183,188,43zNy,https://www.otodom.pl/oferta/apartament-na-sprzedaz-mokotow-sulkowicka-ID43zNy.html#2a80e35130,"Apartament na sprzedaż Mokotów, Sułkowicka",3,1750000.0,13672.0,128.0,MOKOTÓW
184,189,44rg9,https://www.otodom.pl/oferta/super-stan-swietna-lokalizacja-klima-skm-metro-ID44rg9.html#2a80e35130,Super stan/świetna lokalizacja klima/SKM/Metro,2,463000.0,9976.0,46.41,WŁOCHY
185,190,42V5s,https://www.otodom.pl/oferta/apartament-w-kamienicy-ul-wspolna-50-2-duze-tarasy-ID42V5s.html#2a80e35130,Apartament w kamienicy ul Wspólna 50 2 duże tarasy,5,3520000.0,20000.0,176.0,ŚRÓDMIEŚCIE
186,191,42Vb4,https://www.otodom.pl/oferta/apartament-w-kamienicy-ul-wspolna-50-taras-18m2-ID42Vb4.html#2a80e35130,Apartament w kamienicy ul. Wspólna 50 taras 18m2,3,1675000.0,20010.0,83.71,WESOŁA
187,192,42X0O,https://www.otodom.pl/oferta/mieszkanie-58-m-warszawa-ID42X0O.html#2a80e35130,"Mieszkanie, 58 m², Warszawa",2,696000.0,12000.0,58.0,WOLA
188,193,42X39,https://www.otodom.pl/oferta/mieszkanie-112-m-warszawa-ID42X39.html#2a80e35130,"Mieszkanie, 112 m², Warszawa",4,1900000.0,16964.0,112.0,MOKOTÓW
189,194,42Aim,https://www.otodom.pl/oferta/wyjatkowe-mieszkanie-na-sprzedaz-mokotow-ID42Aim.html#2a80e35130,"Wyjątkowe mieszkanie na sprzedaż, Mokotów",2,998000.0,19435.0,51.35,MOKOTÓW
190,195,42RJC,https://www.otodom.pl/oferta/super-apartament-pod-skocznia-warszawa-ID42RJC.html#2a80e35130,"Super Apartament Pod Skocznią,Warszawa",3,2220000.0,15000.0,148.0,MOKOTÓW
191,196,42V2q,https://www.otodom.pl/oferta/apartament-w-kamienicy-ul-wspolna-50-taras-39m2-ID42V2q.html#2a80e35130,Apartament w kamienicy ul. Wspólna 50 taras 39m2,2,1850000.0,20030.0,92.36,WESOŁA
192,197,41Swy,https://www.otodom.pl/oferta/unikatowy-loft-w-sercu-mokotowa-ID41Swy.html#2a80e35130,Unikatowy loft w sercu Mokotowa,4,2650000.0,17097.0,155.0,MOKOTÓW
193,198,429hP,https://www.otodom.pl/oferta/penthouse-platinum-towers-taras-widok-ID429hP.html#2a80e35130,Penthouse Platinum Towers +Taras+ Widok!,3,7500000.0,38824.0,193.18,ŚRÓDMIEŚCIE
194,199,42brc,https://www.otodom.pl/oferta/mieszkanie-58-m-warszawa-ID42brc.html#2a80e35130,"Mieszkanie, 58 m², Warszawa",2,696000.0,12000.0,58.0,WOLA
195,200,41li6,https://www.otodom.pl/oferta/luksusowy-apartament-na-sprzedaz-mokotow-ID41li6.html#2a80e35130,Luksusowy apartament na sprzedaż Mokotów,3,1298000.0,13957.0,93.0,MOKOTÓW
196,201,40UiC,https://www.otodom.pl/oferta/apartament-w-zlotej-44-english-offer-ID40UiC.html#2a80e35130,Apartament w Złotej 44 / English Offer,2,3350000.0,32212.0,104.0,ŚRÓDMIEŚCIE
197,202,3XFev,https://www.otodom.pl/oferta/przestronny-apartament-z-oranzeria-na-powislu-ID3XFev.html#2a80e35130,Przestronny apartament z oranżerią na Powiślu,5,2990000.0,19035.0,157.08,ŚRÓDMIEŚCIE
198,203,3Z8Bq,https://www.otodom.pl/oferta/apartament-w-stylu-industrialnym-eko-park-ID3Z8Bq.html#2a80e35130,Apartament w stylu industrialnym Eko Park,3,1790000.0,19889.0,90.0,MOKOTÓW
199,204,3PyWy,https://www.otodom.pl/oferta/apartament-z-5-sypialniami-i-oranzeria-na-powislu-ID3PyWy.html#2a80e35130,Apartament z 5 sypialniami i oranżerią na Powiślu,8,3990000.0,18783.0,212.43,ŚRÓDMIEŚCIE
200,205,3QON6,https://www.otodom.pl/oferta/apartament-parkowa-19-najlepszy-adres-w-warszawie-ID3QON6.html#2a80e35130,Apartament Parkowa 19-Najlepszy Adres W Warszawie,5,6500000.0,32056.0,202.77,ŚRÓDMIEŚCIE
201,206,3S5Mc,https://www.otodom.pl/oferta/eng-luksusowy-apartament-multico-residence-ID3S5Mc.html#2a80e35130,Eng! Luksusowy Apartament Multico Residence,5,7500000.0,26786.0,280.0,ŻOLIBORZ
202,207,3PluA,https://www.otodom.pl/oferta/ekskluyzywny-apartament-cosmopolitan-eng-ID3PluA.html#2a80e35130,Ekskluyzywny Apartament Cosmopolitan/ Eng !,4,6600000.0,40416.0,163.3,ŚRÓDMIEŚCIE
203,208,3CtxS,https://www.otodom.pl/oferta/apartament-w-multico-residence-ID3CtxS.html#2a80e35130,Apartament w Multico Residence,4,3900000.0,18750.0,208.0,ŻOLIBORZ
204,209,2m96B,https://www.otodom.pl/oferta/mieszkanie-190-m-warszawa-ID2m96B.html#2a80e35130,"Mieszkanie, 190 m², Warszawa",3,2990000.0,15737.0,190.0,BIELANY
205,210,44pe1,https://www.otodom.pl/oferta/prestizowy-apartament-na-warszawskim-mokotowie-ID44pe1.html#2a80e35130,Prestiżowy apartament na warszawskim Mokotowie,2,1149000.0,17677.0,65.0,MOKOTÓW
206,211,446JZ,https://www.otodom.pl/oferta/kawalerka-studio-32m2-34m2-ogrodek-wola-yana-ID446JZ.html#2a80e35130,Kawalerka/ STUDIO 32m2 + 34m2 ogródek - WOLA YANA,1,364999.0,11374.0,32.09,WOLA
207,212,44bZ4,https://www.otodom.pl/oferta/piekny-ogrodek-sloneczne-idealny-rozklad-ID44bZ4.html#2a80e35130,"Piękny ogródek, słoneczne, idealny rozkład",2,667275.0,13660.0,48.85,ŚRÓDMIEŚCIE
208,213,41Qr1,https://www.otodom.pl/oferta/piekny-apartament-w-parku-koziorozca-ID41Qr1.html#2a80e35130,Piękny apartament w Parku Koziorożca,3,820000.0,12239.0,67.0,WŁOCHY
209,214,44rf3,https://www.otodom.pl/oferta/mieszkanie-25-77-m-warszawa-ID44rf3.html#2a80e35130,"Mieszkanie, 25,77 m², Warszawa",1,332433.0,12900.0,25.77,MOKOTÓW
210,215,44p8P,https://www.otodom.pl/oferta/basen-klima-jacuzzi-sauna-silownia-widok-nacentrum-ID44p8P.html#2a80e35130,Basen Klima Jacuzzi Sauna Siłownia Widok naCentrum,2,449500.0,9989.0,45.0,URSUS
211,216,44reD,https://www.otodom.pl/oferta/mieszkanie-53-24-m-ul-sarmacka-1-sprzedam-ID44reD.html#2a80e35130,"Mieszkanie 53,24 m ul. Sarmacka 1 sprzedam",2,650000.0,12209.0,53.24,WILANÓW
212,217,44rep,https://www.otodom.pl/oferta/mieszkanie-49m2-z-tarasem-garazem-i-komorka-lok-ID44rep.html#2a80e35130,"Mieszkanie 49m2 z tarasem, garażem i komórką lok.",2,549000.0,11357.0,48.34,BIAŁOŁĘKA
213,218,44gvI,https://www.otodom.pl/oferta/ekskluzywny-apartament-otoczony-zielenia-ID44gvI.html#2a80e35130,Ekskluzywny apartament otoczony zielenią,4,850000.0,10241.0,83.0,WAWER
214,219,44mcg,https://www.otodom.pl/oferta/mieszkanie-w-spokojnej-okolicy-z-ogrodem-230-m2-ID44mcg.html#2a80e35130,Mieszkanie w spokojnej okolicy z ogrodem 230 m2,3,695000.0,6619.0,105.0,BIAŁOŁĘKA
215,220,44ljH,https://www.otodom.pl/oferta/piekne-mieszkanie-blisko-metra-ID44ljH.html#2a80e35130,Piękne mieszkanie blisko metra,2,645000.0,15000.0,43.0,WOLA
216,221,44gx3,https://www.otodom.pl/oferta/nowoczesne-mieszkanie-z-ogrodem-100-m2-ID44gx3.html#2a80e35130,Nowoczesne mieszkanie z ogrodem 100 m2,3,615000.0,11182.0,55.0,PRAGA-POŁUDNIE
217,222,44nhC,https://www.otodom.pl/oferta/stylowe-mieszkanie-gorny-mokotow-ID44nhC.html#2a80e35130,Stylowe mieszkanie - Górny Mokotów,2,580000.0,13810.0,42.0,MOKOTÓW
218,223,44gtV,https://www.otodom.pl/oferta/ekskluzywne-osiedle-na-warszawskim-wilanowie-ID44gtV.html#2a80e35130,Ekskluzywne osiedle na warszawskim Wilanowie,3,534400.0,8718.0,61.3,WILANÓW
219,224,44reo,https://www.otodom.pl/oferta/mieszkanie-31-31-m-warszawa-ID44reo.html#2a80e35130,"Mieszkanie, 31,31 m², Warszawa",2,394506.0,12600.0,31.31,MOKOTÓW
220,225,44guZ,https://www.otodom.pl/oferta/unikatowe-osiedle-w-poblizu-lazienek-krolewskich-ID44guZ.html#2a80e35130,Unikatowe osiedle w pobliżu Łazienek Królewskich,1,528735.0,16648.0,31.76,ŚRÓDMIEŚCIE
221,226,44hhR,https://www.otodom.pl/oferta/mieszkanie-na-pradze-poludnie-dla-wymagajacych-ID44hhR.html#af330f76b5,Mieszkanie na Pradze-Południe dla wymagających!,3,629000.0,10483.0,60.0,PRAGA-POŁUDNIE
222,227,44gBB,https://www.otodom.pl/oferta/3-osobne-pokoje-55-6m2-bielany-ul-kochanowskiego-ID44gBB.html#af330f76b5,"3 osobne pokoje,55,6m2,Bielany,ul. Kochanowskiego",3,588000.0,10500.0,56.0,BIELANY
223,228,42s0I,https://www.otodom.pl/oferta/sierakowskiego-4-205-ID42s0I.html#af330f76b5,Sierakowskiego 4 205,1,,,35.03,PRAGA-PÓŁNOC
224,229,43Bc6,https://www.otodom.pl/oferta/polczynska-lazurowa-nowe-2-pokojowe-z-ogrodkiem-ID43Bc6.html#af330f76b5,"Połczyńska/Lazurowa, nowe 2-pokojowe z ogródkiem",2,499000.0,12269.0,40.67,BEMOWO
225,230,44m6H,https://www.otodom.pl/oferta/sloneczne-mieszkanie-na-wilanowie-ID44m6H.html#af330f76b5,Słoneczne mieszkanie na Wilanowie,2,516000.0,12694.0,40.65,WILANÓW
226,231,43WKA,https://www.otodom.pl/oferta/nowy-apartament-na-zoliborzu-do-zakupu-od-zaraz-ID43WKA.html#af330f76b5,"Nowy apartament na Żoliborzu, do zakupu od zaraz!",2,758000.0,12500.0,60.64,ŻOLIBORZ
227,232,44gvW,https://www.otodom.pl/oferta/przestronne-mieszkanie-na-warszawskiej-woli-ID44gvW.html#af330f76b5,Przestronne mieszkanie na warszawskiej Woli,4,515000.0,8879.0,58.0,WOLA
228,233,44gx5,https://www.otodom.pl/oferta/dwustronne-mieszkanie-gotowe-do-zamieszkania-ID44gx5.html#af330f76b5,Dwustronne mieszkanie gotowe do zamieszkania,3,480000.0,10000.0,48.0,ŻOLIBORZ
229,234,44gvz,https://www.otodom.pl/oferta/3-pokojowe-mieszkanie-blisko-parku-ID44gvz.html#af330f76b5,3-pokojowe mieszkanie blisko Parku,3,455000.0,7459.0,61.0,PRAGA-POŁUDNIE
230,235,44ljG,https://www.otodom.pl/oferta/stylowo-wykonczone-mieszkanie-zeran-ID44ljG.html#af330f76b5,Stylowo wykończone mieszkanie - Żerań,2,450000.0,9375.0,48.0,BIAŁOŁĘKA
231,236,44gwB,https://www.otodom.pl/oferta/spokojne-i-zielone-osiedle-ursus-warszawa-ID44gwB.html#af330f76b5,Spokojne i zielone osiedle - Ursus Warszawa,3,447000.0,7583.0,58.95,URSUS
232,237,44gwX,https://www.otodom.pl/oferta/inwestycja-w-prestizowej-dzielnicy-warszawy-ID44gwX.html#af330f76b5,Inwestycja w prestiżowej dzielnicy Warszawy,2,437243.0,12390.0,35.29,MOKOTÓW
233,238,44d5L,https://www.otodom.pl/oferta/dwupoziomowe-142m2-na-kabatach-przy-ul-jezewskiego-ID44d5L.html#af330f76b5,Dwupoziomowe 142m2 na Kabatach przy ul.Jeżewskiego,4,1690000.0,11901.0,142.0,URSYNÓW
234,239,44gv0,https://www.otodom.pl/oferta/prestizowa-inwestycja-na-warszawskim-mokotowie-ID44gv0.html#af330f76b5,Prestiżowa inwestycja na warszawskim Mokotowie,1,397465.3,14328.0,27.74,MOKOTÓW
235,240,446FI,https://www.otodom.pl/oferta/rewelacyjne-3-pokoje-z-balkonem-cegla-bezposrednio-ID446FI.html#af330f76b5,Rewelacyjne 3 pokoje z balkonem cegła Bezpośrednio,3,519900.0,10992.0,47.3,BIELANY
236,241,44gv9,https://www.otodom.pl/oferta/przestronne-dobrze-skomunikowane-mieszkanie-ID44gv9.html#af330f76b5,"Przestronne, dobrze skomunikowane mieszkanie",1,395000.0,10676.0,37.0,WŁOCHY
237,242,44k4H,https://www.otodom.pl/oferta/mieszkanie-otoczone-zielenia-mokotow-ID44k4H.html#af330f76b5,"Mieszkanie otoczone zielenią, Mokotów",1,395000.0,12742.0,31.0,MOKOTÓW
238,243,44gwR,https://www.otodom.pl/oferta/nowoczesne-osiedle-z-dogodna-komunikacja-warszawa-ID44gwR.html#af330f76b5,Nowoczesne osiedle z dogodną komunikacją -Warszawa,1,359463.0,13105.0,27.43,MOKOTÓW
239,244,43P8O,https://www.otodom.pl/oferta/bezposrednio-2-pokoje-balkon-srodmiescie-powisle-ID43P8O.html#af330f76b5,BEZPOŚREDNIO 2 pokoje Balkon Śródmieście - Powiśle,2,499000.0,16633.0,30.0,ŚRÓDMIEŚCIE
240,245,44gwC,https://www.otodom.pl/oferta/osiedle-na-warszawskiej-pradze-wsrod-zieleni-ID44gwC.html#af330f76b5,Osiedle na warszawskiej Pradze wśród zieleni,1,328000.0,10646.0,30.81,PRAGA-POŁUDNIE
241,246,3XFSs,https://www.otodom.pl/oferta/3-pokoje-tarchomin-nowodwory-ID3XFSs.html#af330f76b5,3 pokoje__Tarchomin__Nowodwory,3,370000.0,7184.0,51.5,MAZOWIECKIE
242,247,44gvk,https://www.otodom.pl/oferta/prestizowa-inwestycja-na-bialolece-ID44gvk.html#af330f76b5,Prestiżowa inwestycja na Białołęce,2,325401.0,7900.0,41.19,BIAŁOŁĘKA
243,248,44r1T,https://www.otodom.pl/oferta/nowoczesne-osiedle-na-warszawskiej-bialolece-ID44r1T.html#af330f76b5,Nowoczesne osiedle na warszawskiej Białołęce.,2,291747.0,7900.0,36.93,REMBERTÓW
244,249,44gwJ,https://www.otodom.pl/oferta/ciche-osiedle-na-przedmiesciach-warszawy-ID44gwJ.html#af330f76b5,Ciche osiedle na przedmieściach Warszawy,2,284877.0,8100.0,35.17,REMBERTÓW
245,250,44rdX,https://www.otodom.pl/oferta/sloneczna-kawalerka-balkon-raclawicka-ID44rdX.html#af330f76b5,Słoneczna Kawalerka + Balkon/ Racławicka,1,299900.0,10711.0,28.0,OCHOTA
246,251,43PU3,https://www.otodom.pl/oferta/3-4-pok-kepa-potocka-gwiazdzista-wlasciciel-bezp-ID43PU3.html#af330f76b5,3-4 pok. Kępa Potocka Gwiaździsta właściciel bezp.,4,1399000.0,12753.0,109.7,ŻOLIBORZ
247,252,44r1Q,https://www.otodom.pl/oferta/nowoczesne-osiedle-na-warszawskiej-bialolece-ID44r1Q.html#af330f76b5,Nowoczesne osiedle na warszawskiej Białołęce.,2,284600.0,7838.0,36.31,BIAŁOŁĘKA
248,253,44r1W,https://www.otodom.pl/oferta/apartament-w-zrewitalizowanej-kamienicy-praga-ID44r1W.html#af330f76b5,Apartament w zrewitalizowanej kamienicy - Praga.,1,281911.2,12120.0,23.26,PRAGA-POŁUDNIE
249,254,42SGX,https://www.otodom.pl/oferta/nowe-mieszkanie-tarchomin-ID42SGX.html#af330f76b5,Nowe mieszkanie!!! Tarchomin,2,285000.0,6786.0,42.0,BIAŁOŁĘKA
250,255,43DKn,https://www.otodom.pl/oferta/bezposrednio-mieszkanie-warszawa-wola-dzielna-ID43DKn.html#af330f76b5,"BEZPOŚREDNIO! Mieszkanie Warszawa, Wola, Dzielna",4,1128800.0,11288.0,100.0,WOLA
251,256,44gwI,https://www.otodom.pl/oferta/ciche-osiedle-na-przedmiesciach-warszawy-ID44gwI.html#af330f76b5,Ciche osiedle na przedmieściach Warszawy,2,277843.0,7900.0,35.17,REMBERTÓW
252,257,43h45,https://www.otodom.pl/oferta/nowe-okazja-39-48m2-2-pokoje-ID43h45.html#af330f76b5,Nowe!!! okazja!!!____ 39-48m2 ___2 pokoje,2,292000.0,7300.0,40.0,BIAŁOŁĘKA
253,258,43cn1,https://www.otodom.pl/oferta/3-pokoje-tarchomin-ID43cn1.html#af330f76b5,3 pokoje Tarchomin,3,368000.0,7077.0,52.0,BIAŁOŁĘKA
254,259,44gwH,https://www.otodom.pl/oferta/ciche-osiedle-na-przedmiesciach-warszawy-ID44gwH.html#af330f76b5,Ciche osiedle na przedmieściach Warszawy,2,259515.0,7900.0,32.85,REMBERTÓW
255,260,44r1R,https://www.otodom.pl/oferta/nowoczesne-osiedle-na-warszawskiej-bialolece-ID44r1R.html#af330f76b5,Nowoczesne osiedle na warszawskiej Białołęce.,1,259100.0,8910.0,29.08,BIAŁOŁĘKA
256,261,44rdS,https://www.otodom.pl/oferta/mieszkanie-31-28-m-warszawa-ID44rdS.html#af330f76b5,"Mieszkanie, 31,28 m², Warszawa",1,400384.0,12800.0,31.28,MOKOTÓW
257,263,42ZYl,https://www.otodom.pl/oferta/3-pokoje-przy-otwartej-stacji-metra-trocka-ID42ZYl.html#af330f76b5,3 Pokoje Przy Otwartej Stacji Metra Trocka,3,409000.0,7304.0,56.0,TARGÓWEK
258,264,44p7A,https://www.otodom.pl/oferta/3-pokoje-69m2-ursynow-metro-do-zamieszkania-ID44p7A.html#af330f76b5,"3 pokoje 69m2 Ursynów, metro, do zamieszkania.",3,720000.0,10435.0,69.0,URSYNÓW
259,267,44rdL,https://www.otodom.pl/oferta/mieszkanie-40-88-m-warszawa-ID44rdL.html#af330f76b5,"Mieszkanie, 40,88 m², Warszawa",3,519176.0,12700.0,40.88,MOKOTÓW
260,272,44rdy,https://www.otodom.pl/oferta/zlota-44-piekny-apartament-u-szczytu-budynku-ID44rdy.html#af330f76b5,Złota 44 - Piękny apartament u szczytu budynku,4,15500000.0,65678.0,236.0,MAZOWIECKIE
261,273,44mdp,https://www.otodom.pl/oferta/rondo-daszynskiego-72-m2-wysoki-standard-3-pokoje-ID44mdp.html#af330f76b5,Rondo Daszyńskiego 72 m2 wysoki standard 3 pokoje,3,1080000.0,15000.0,72.0,WOLA
262,275,421dB,https://www.otodom.pl/oferta/mieszkanie-na-sprzedaz-warszawa-bialoleka-ID421dB.html#af330f76b5,"Mieszkanie na sprzedaż, Warszawa, Białołęka",2,460000.0,8519.0,54.0,BIAŁOŁĘKA
263,276,441Jd,https://www.otodom.pl/oferta/mieszkanie-nowoczesne-ciche-jasne-balaton-ID441Jd.html#af330f76b5,"Mieszkanie, nowoczesne, ciche, jasne, Balaton",3,775000.0,12514.0,61.93,PRAGA-POŁUDNIE
264,277,43Ocy,https://www.otodom.pl/oferta/mieszkanie-na-sprzedaz-stara-milosna-gosciniec-ID43Ocy.html#af330f76b5,"Mieszkanie na sprzedaż, Stara Miłosna, Gościniec",5,750000.0,6667.0,112.5,WESOŁA
265,278,43F1k,https://www.otodom.pl/oferta/warszawa-zielona-bialoleka-grodzisk-kawalerka-ID43F1k.html#af330f76b5,"Warszawa, Zielona Białołęka,Grodzisk, Kawalerka",1,305000.0,10627.0,28.7,BIAŁOŁĘKA
266,279,44axb,https://www.otodom.pl/oferta/gotowy-apartament-na-woli-przy-metrze-bezposrednio-ID44axb.html#af330f76b5,Gotowy Apartament na Woli przy metrze bezposrednio,4,845000.0,9883.0,85.5,WOLA
267,280,43F3f,https://www.otodom.pl/oferta/mieszkanie-na-sprzedaz-warszawa-bialoleka-zeran-ID43F3f.html#af330f76b5,"Mieszkanie na sprzedaż, Warszawa, Białołęka, Żerań",3,510000.0,8644.0,59.0,BIAŁOŁĘKA
268,281,43TX7,https://www.otodom.pl/oferta/mieszkanie-warszawa-bialoleka-kobialka-ID43TX7.html#af330f76b5,"Mieszkanie , Warszawa, Białołęka, Kobiałka",1,245000.0,7778.0,31.5,BIAŁOŁĘKA
269,282,43F24,https://www.otodom.pl/oferta/mieszkanie-targowek-mieszkalny-ul-sw-wincentego-ID43F24.html#af330f76b5,"Mieszkanie Targówek Mieszkalny, ul. Św. Wincentego",3,550000.0,8594.0,64.0,BIAŁOŁĘKA
270,283,44rde,https://www.otodom.pl/oferta/metro200mwkrotcegotowetaras45m2unikat-ID44rde.html#af330f76b5,*METRO200m*WkrótceGOTOWE*Taras45m2*UNIKAT*,4,1123000.0,14584.0,77.0,PRAGA-PÓŁNOC
271,284,42nmC,https://www.otodom.pl/oferta/kawalerka-2-pokoje-od-zaraz-balkon-ID42nmC.html#af330f76b5,kawalerka/2 pokoje*!!Od Zaraz!!*balkon,1,279000.0,9964.0,28.0,MOKOTÓW
272,285,431rX,https://www.otodom.pl/oferta/od-zaraz3-4-pokoje2-balkony-ID431rX.html#af330f76b5,Od Zaraz*3/4 pokoje*2 Balkony*,3,520000.0,9123.0,57.0,PRAGA-POŁUDNIE
273,286,43eVN,https://www.otodom.pl/oferta/2-pokojeod-zarazkamienicabalkonmetro-ID43eVN.html#af330f76b5,2 pokoje*Od Zaraz*kamienica*balkon*Metro*,2,390000.0,9750.0,40.0,BIELANY
274,287,43eYJ,https://www.otodom.pl/oferta/od-zarazmetrolazienki-krolewskie-ID43eYJ.html#af330f76b5,Od Zaraz*Metro*Łazienki Królewskie,2,460000.0,11220.0,41.0,MOKOTÓW
275,288,43zSb,https://www.otodom.pl/oferta/metronowe-budownictwo2pokoje49mmonitoring-24h-ID43zSb.html#af330f76b5,Metro*nowe budownictwo*2pokoje(49m)*monitoring 24h,2,430000.0,8776.0,49.0,BIELANY
276,289,43CyI,https://www.otodom.pl/oferta/metrokawalerka-2-pokoje-balkonciszaod-zaraz-ID43CyI.html#af330f76b5,*Metro*kawalerka/2 pokoje+balkon*cisza*od zaraz!,1,258000.0,8897.0,29.0,PRAGA-PÓŁNOC
277,290,44bFj,https://www.otodom.pl/oferta/metrokawalerkazielendo-wprowadzeniaod-zaraz-ID44bFj.html#af330f76b5,Metro*kawalerka*zieleń*do wprowadzenia*Od Zaraz,1,325000.0,12037.0,27.0,ŻOLIBORZ
278,291,43EEc,https://www.otodom.pl/oferta/super-apartament-3-pokoje-84-m2-na-biuro-od-zaraz-ID43EEc.html#af330f76b5,Super apartament 3 pokoje/84 m2/Na Biuro/Od zaraz,3,755000.0,8988.0,84.0,OCHOTA
279,292,43U1y,https://www.otodom.pl/oferta/mieszkanie-warszawa-bialoleka-zeran-ID43U1y.html#af330f76b5,"Mieszkanie , Warszawa, Białołęka,Żerań",1,330000.0,11000.0,30.0,BIAŁOŁĘKA
280,293,43PUW,https://www.otodom.pl/oferta/2-pokoje-49-m2-balkon-piwnica-cisza-ID43PUW.html#af330f76b5,"2 pokoje, 49 m2+ balkon+ piwnica, Cisza",2,503000.0,10265.0,49.0,OCHOTA
281,294,446Ws,https://www.otodom.pl/oferta/mieszkanie-na-sprzedaz-warszawa-bialoleka-ID446Ws.html#af330f76b5,"Mieszkanie na sprzedaż, Warszawa, Białołęka,",3,584800.0,8613.0,67.9,BIAŁOŁĘKA
282,295,442cW,https://www.otodom.pl/oferta/metro-kawalerka-loggia-po-remoncie-od-zaraz-cisza-ID442cW.html#af330f76b5,Metro/Kawalerka+ loggia/Po remoncie/Od zaraz/Cisza,1,355000.0,13654.0,26.0,MOKOTÓW
283,296,43pWP,https://www.otodom.pl/oferta/metro-targoweknowe-buddo-aranzacjiwidnepatio-ID43pWP.html#af330f76b5,Metro Targówek*Nowe bud*Do aranżacji*Widne*Patio,3,522000.0,7957.0,65.6,TARGÓWEK
284,297,44e4e,https://www.otodom.pl/oferta/mieszkanie-na-sprzedaz-warszawa-targowek-ID44e4e.html#af330f76b5,"Mieszkanie na sprzedaż, Warszawa, Targówek",3,520000.0,8638.0,60.2,TARGÓWEK
285,298,43C8N,https://www.otodom.pl/oferta/metro-inwestycja-2kawalerki-3pokoje-tanio-cisza-ID43C8N.html#af330f76b5,Metro!/Inwestycja/2kawalerki+3pokoje/Tanio/Cisza,3,529000.0,8015.0,66.0,TARGÓWEK
286,299,44fHT,https://www.otodom.pl/oferta/segment-na-sprzedaz-warszawa-bialoleka-okazja-ID44fHT.html#af330f76b5,"Segment na sprzedaż, Warszawa, Białołęka/OKAZJA",3,679999.0,10000.0,68.0,BIAŁOŁĘKA
287,300,43DZs,https://www.otodom.pl/oferta/metro-trockado-aranzacjiwidnecichetanio-ID43DZs.html#af330f76b5,Metro Trocka*do aranżacji*widne*ciche*tanio!,3,435000.0,7909.0,55.0,TARGÓWEK
288,301,44eFd,https://www.otodom.pl/oferta/300-m-penthouse-na-mokotowie-ID44eFd.html#47b1d12246,300 M Penthouse Na Mokotowie,4,5170000.0,17007.0,304.0,MOKOTÓW
289,302,42EAp,https://www.otodom.pl/oferta/komfortowe-mieszkanie-z-dwoma-balkonami-ID42EAp.html#47b1d12246,Komfortowe mieszkanie z dwoma balkonami!,4,1199000.0,11942.0,100.4,PRAGA-POŁUDNIE
290,303,43UMX,https://www.otodom.pl/oferta/apartament-z-widokiem-na-park-krasinskich-ID43UMX.html#47b1d12246,Apartament z widokiem na park Krasińskich,3,2990000.0,23730.0,126.0,ŚRÓDMIEŚCIE
291,304,44jTv,https://www.otodom.pl/oferta/metro-rozkladowe-do-aranzacji-od-zaraz-ID44jTv.html#47b1d12246,Metro!-Rozkładowe-Do Aranżacji-Od zaraz,3,452000.0,8523.0,53.03,TARGÓWEK
292,305,44kX7,https://www.otodom.pl/oferta/30m-od-metra3-poziomynowe-bud2-mjsc-postojowe-ID44kX7.html#47b1d12246,*30m od Metra*3 Poziomy*Nowe Bud*2 mjsc postojowe*,4,699000.0,6860.0,101.9,TARGÓWEK
293,306,44qYF,https://www.otodom.pl/oferta/stylowe-mieszkania-ustawne-sprawdz-oferty-taras-ID44qYF.html#47b1d12246,Stylowe mieszkania_ustawne_sprawdź oferty_taras,2,350000.0,10938.0,32.0,ŚRÓDMIEŚCIE
294,307,44qYM,https://www.otodom.pl/oferta/kawalerka-w-26-pietrowym-apartamentowcu-na-woli-ID44qYM.html#47b1d12246,Kawalerka w 26 piętrowym apartamentowcu na Woli,1,228500.0,12694.0,18.0,ŚRÓDMIEŚCIE
295,308,44p2z,https://www.otodom.pl/oferta/2-pokoje-kuchnia-od-zaraz-widne-rozkladowe-ID44p2z.html#47b1d12246,2 pokoje+kuchnia - Od zaraz! - Widne – Rozkładowe,2,339000.0,8539.0,39.7,TARGÓWEK
296,309,44qYz,https://www.otodom.pl/oferta/przytulne-i-funkcjonalne-mieszkanie-zainwestuj-ID44qYz.html#47b1d12246,Przytulne i funkcjonalne mieszkanie_ZAINWESTUJ,2,404600.0,10647.0,38.0,ŚRÓDMIEŚCIE
297,310,44qYs,https://www.otodom.pl/oferta/okazja-bezpieczenstwo-zakupu-sprawdzony-deweloper-ID44qYs.html#47b1d12246,OKAZJA! Bezpieczeństwo zakupu_sprawdzony deweloper,1,417600.0,15467.0,27.0,ŚRÓDMIEŚCIE
298,311,44qY3,https://www.otodom.pl/oferta/nowoczesne-mieszkania-w-swietnej-lokalizacji-ID44qY3.html#47b1d12246,NOWOCZESNE mieszkania w świetnej lokalizacji,2,534000.0,12419.0,43.0,ŚRÓDMIEŚCIE
299,312,44qXW,https://www.otodom.pl/oferta/jasne-przestronne-mieszkanie-w-apartamentowcu-ID44qXW.html#47b1d12246,"JASNE, przestronne mieszkanie w apartamentowcu",3,685000.0,11048.0,62.0,WOLA
